{
  "version": 1,
  "chars": " .'`^\":;Il!i><~+_-?][}{1)(|/tfjrxnuvczXYUJCLQ0OZmwqpdbkhao*#MW&8%B@$",
  "vectors": [
    [
      0,
      0,
      0,
      0,
      0,
      0
    ],
    [
      0,
      0.2649104320337197,
      0.1341991341991342,
      0.11431411530815107,
      0,
      0.21681749622926094
    ],
    [
      0.21410451547437853,
      0,
      0.13951200314836681,
      0.11073558648111329,
      0.24255901471091343,
      0
    ],
    [
      0.0580077794689667,
      0,
      0.043290043290043295,
      0.024453280318091446,
      0.0752651385562778,
      0
    ],
    [
      0.4373414510400812,
      0,
      0.25619834710743805,
      0.25526838966202775,
      0.4454327745466986,
      0
    ],
    [
      0.42753255538643675,
      0,
      0.24872097599370327,
      0.2512922465208747,
      0.4324324324324324,
      0
    ],
    [
      0.2113986132250973,
      0.2649104320337197,
      0.2678079496261315,
      0.22783300198807155,
      0.23229558672596648,
      0.21681749622926094
    ],
    [
      0.21275156434973785,
      0.2621707060063225,
      0.27115308933490756,
      0.22345924453280314,
      0.23400615805679098,
      0.2073906485671192
    ],
    [
      0.5951293759512939,
      0.737618545837724,
      0.7288469106650924,
      0.6590457256461231,
      0.6387273349298666,
      0.6270739064856712
    ],
    [
      0.43446642990021994,
      0.547945205479452,
      0.6763085399449036,
      0.3443339960238568,
      0.7403352719808414,
      0.5003770739064858
    ],
    [
      0.35819381024860475,
      0.2316122233930453,
      0.3496654860291225,
      0.2862823061630218,
      0.399931577146767,
      0.18514328808446456
    ],
    [
      0.4104515474378488,
      0.718440463645943,
      0.5907123179850454,
      0.5634194831013916,
      0.47861785836469384,
      0.6809954751131222
    ],
    [
      0.3713850837138509,
      0.4501580611169651,
      0.46379378197560023,
      0.39264413518886676,
      0.4026684912760862,
      0.36048265460030166
    ],
    [
      0.36935565702688994,
      0.4499473129610115,
      0.39807162534435264,
      0.45646123260437366,
      0.35545672254533006,
      0.43401206636500755
    ],
    [
      0.17943514290546259,
      0.3192834562697576,
      0.2552144824872098,
      0.2542743538767395,
      0.32432432432432434,
      0.4396681749622926
    ],
    [
      0.39455437172332164,
      0.4396206533192834,
      0.45907123179850473,
      0.4147117296222664,
      0.42011631885049605,
      0.36990950226244346
    ],
    [
      0,
      0,
      0,
      0,
      0,
      0
    ],
    [
      0.15423642820903097,
      0.3591148577449946,
      0.25737898465171194,
      0.2600397614314114,
      0.15600410537119397,
      0.3212669683257919
    ],
    [
      0.5587688144765772,
      0.2977871443624868,
      0.41223927587563963,
      0.521272365805169,
      0.37427300718439965,
      0.15535444947209653
    ],
    [
      0.38694402164721803,
      0.3641728134878819,
      0.1704053522235341,
      0.6262425447316103,
      0.18405747519671573,
      0.5279034690799397
    ],
    [
      0.38609842719431764,
      0.36332982086406734,
      0.5968122786304606,
      0.19363817097415506,
      0.5764625384878549,
      0.1417797888386124
    ],
    [
      0.43937087772704214,
      0.4282402528977871,
      0.4299488390397482,
      0.4860834990059641,
      0.46288060212110843,
      0.4524886877828055
    ],
    [
      0.4412311855234231,
      0.43076923076923074,
      0.5633608815426999,
      0.35586481113320073,
      0.5076975709887102,
      0.25075414781297134
    ],
    [
      0.513444951801116,
      0.7479452054794521,
      0.6365604092876822,
      0.6660039761431409,
      0.5545672254533014,
      0.7296380090497739
    ],
    [
      0.3686791814645696,
      0.37197049525816644,
      0.33943329397874855,
      0.44135188866799185,
      0.34964078002052684,
      0.4004524886877829
    ],
    [
      0.3693556570268898,
      0.37302423603793455,
      0.5167256985438805,
      0.2640159045725645,
      0.47314403010605544,
      0.1987179487179487
    ],
    [
      0.3120243531202436,
      0.3110642781875659,
      0.3683589138134593,
      0.28807157057654065,
      0.355798836811495,
      0.24283559577677227
    ],
    [
      0.3022154574665991,
      0.3013698630136986,
      0.3040141676505314,
      0.33240556660039755,
      0.06739651043448512,
      0.03092006033182504
    ],
    [
      0.6512768476238797,
      0.5414120126448894,
      0.7353404171585991,
      0.5333996023856857,
      0.840574751967157,
      0.4860482654600302
    ],
    [
      0.6979536614239813,
      0.3995785036880928,
      0.6479732388823297,
      0.5427435387673953,
      0.7187820732124529,
      0.2654600301659125
    ],
    [
      0.4189074919668528,
      0.4002107481559537,
      0.31975600157418355,
      0.5469184890656063,
      0.39308929182346913,
      0.5365761689291102
    ],
    [
      0.4786064603416203,
      0.4004214963119073,
      0.6914600550964186,
      0.24174950298210732,
      0.5521724255901471,
      0
    ],
    [
      0.49230509047860643,
      0.7279241306638569,
      0.62987012987013,
      0.6290258449304174,
      0.5005131713992472,
      0.6470588235294118
    ],
    [
      0.597666159309995,
      0.7924130663856693,
      0.7310114128295948,
      0.7115308151093439,
      0.6277796784125899,
      0.7088989441930619
    ],
    [
      0.502283105022831,
      0.916754478398314,
      0.7166469893742623,
      0.7312127236580515,
      0.5080396852548752,
      0.826923076923077
    ],
    [
      0.46761373245391513,
      0.6777660695468913,
      0.5899252262888627,
      0.5930417495029819,
      0.46322271638727336,
      0.5927601809954752
    ],
    [
      0.44190766108574336,
      0.6295047418335089,
      0.6841794569067297,
      0.4220675944333996,
      0.5220663701676359,
      0.39064856711915535
    ],
    [
      0.5026213428039913,
      0.7405690200210747,
      0.6442345533254626,
      0.6385685884691849,
      0.3701676359904208,
      0.49849170437405743
    ],
    [
      0.699475731439202,
      0.757218124341412,
      0.764856355765447,
      0.7638170974155066,
      0.7198084160109475,
      0.682503770739065
    ],
    [
      0.7475054963639439,
      0.4050579557428872,
      0.6430539157811886,
      0.6111332007952287,
      0.7591515566199111,
      0.329185520361991
    ],
    [
      0.7052257737189245,
      0.864278187565859,
      0.7878787878787881,
      0.8483101391650099,
      0.6739651043448511,
      0.7794117647058824
    ],
    [
      0.5225773718924406,
      0.6678609062170706,
      0.3624557260920898,
      0.8781312127236579,
      0.1847417037290455,
      0.7039969834087483
    ],
    [
      0.5909014036867919,
      0.6741833508956797,
      0.8872491145218419,
      0.43419483101391637,
      0.8754704071159768,
      0.4709653092006034
    ],
    [
      0.40419414848638596,
      0.7310853530031611,
      0.9043683589138137,
      0.25109343936381706,
      0.8176530961341087,
      0.4762443438914028
    ],
    [
      0.8269913749365806,
      0.8598524762908324,
      0.8683589138134593,
      0.9059642147117295,
      0.8197057817310982,
      0.7779034690799397
    ],
    [
      0.9424995772027738,
      0.877344573234984,
      0.9637937819756004,
      0.9618290258449301,
      0.9148135477249402,
      0.7311463046757166
    ],
    [
      0.8269913749365806,
      0.8516332982086405,
      0.8681621408894138,
      0.8984095427435385,
      0.8197057817310982,
      0.7635746606334842
    ],
    [
      0.6659901911043465,
      0.8014752370916755,
      0.762495080676899,
      0.7685884691848903,
      0.4793020868970236,
      0.501131221719457
    ],
    [
      0.6228648740064265,
      0.8042149631190726,
      0.7439984258166079,
      0.7391650099403575,
      0.6407800205268559,
